{"cameraMode":{"drawMode":0,"name":"Shaded","section":"Shading Mode"},"sceneLighting":true,"audioPlay":false,"sceneViewState":{"m_AlwaysRefresh":false,"showFog":true,"showSkybox":true,"showFlares":true,"showImageEffects":true,"showParticleSystems":true,"showVisualEffectGraphs":true,"m_FxEnabled":true},"in2DMode":false,"pivot":{"x":0.31583142280578616,"y":1.1452891826629639,"z":0.499387264251709},"rotation":{"x":-0.19847838580608369,"y":0.006465337239205837,"z":-0.001309430692344904,"w":-0.9800829291343689},"size":2.1167402267456056,"orthographic":false}